Id,GrLivArea,BedroomAbvGr,FullBath,HalfBath,PredictedSalePrice
1461,896,2,1,0,119523.73916298634
1462,1329,3,1,1,142059.63049676112
1463,1629,3,2,1,204907.5476965053
1464,1604,3,2,1,202201.95322815658
1465,1280,2,2,0,191462.45377638232
1466,1655,3,2,1,207721.365943588
1467,1187,3,2,0,153486.01741548086
1468,1465,3,2,1,187158.84798413757
1469,1341,2,1,1,171269.94078021264
1470,882,2,1,0,118008.60626071107
1471,1337,2,2,0,197631.2091642174
1472,987,2,1,1,132958.7231083945
1473,1092,3,1,1,116410.59493681505
1474,1456,3,2,1,186184.83397553206
1475,836,2,1,0,113030.31243894939
1476,2334,3,2,1,281205.3117039397
1477,1544,3,2,0,192121.90642350083
1478,1698,3,2,0,208788.36834852907
1479,1822,3,2,0,222208.1169115388
1480,2696,3,2,1,320382.3196056294
1481,2250,3,2,1,272114.514290288
1482,1370,2,2,0,201202.59386243776
1483,1324,3,2,0,168312.67510203196
1484,1145,2,2,0,176852.24364729912
1485,1374,3,2,1,177310.48411934817
1486,1733,3,2,1,216162.82068483604
1487,2475,4,2,1,268553.23956678243
1488,1595,2,2,0,225552.9440775764
1489,1218,2,2,0,184752.57949487743
1490,1468,2,2,0,211808.52417836484
1491,1659,3,2,1,208154.26105852376
1492,1012,2,1,0,132077.69749612449
1493,1494,3,2,0,186710.71748680333
1494,2349,4,2,1,254917.0434463048
1495,2225,4,2,1,241497.29488329502
1496,1488,2,2,0,213972.9997530438
1497,1680,2,2,1,238338.58535058083
1498,1200,2,2,1,186391.1715582851
1499,1200,2,2,1,186391.1715582851
1500,1236,2,2,1,190287.2275927073
1501,1512,2,2,1,220156.99052327735
1502,1080,2,2,1,173404.31811021114
1503,1418,1,1,1,207514.79668137085
1504,1848,3,2,1,228608.55523924026
1505,1492,3,2,0,186494.26992933542
1506,1829,4,2,0,195054.05842403232
1507,2495,4,2,1,270717.7151414614
1508,1891,3,3,0,260056.34122374063
1509,1645,4,1,2,151933.33971866374
1510,1232,3,1,1,131561.92395956797
1511,1209,3,1,0,125486.1569680684
1512,1510,3,2,0,188442.29794654655
1513,1775,3,2,0,217121.59931104313
1514,1728,6,2,0,128300.20689461514
1515,2461,3,2,0,291363.11152253253
1516,1556,3,2,0,193420.59176830822
1517,1128,2,1,0,144631.65582926263
1518,1604,4,2,0,170703.7082088937
1519,1480,3,2,0,185195.58458452803
1520,1143,3,1,0,118343.38757162775
1521,1206,3,1,0,125161.48563186657
1522,1580,3,1,1,169223.7989589824
1523,1337,3,1,0,139338.80064601393
1524,1064,2,1,0,137705.33399028986
1525,972,3,1,0,99837.12140812237
1526,988,2,1,0,129480.32680650969
1527,985,2,1,0,129155.65547030786
1528,1224,3,1,0,127109.51364907766
1529,1175,3,1,1,125393.16857173287
1530,1395,2,1,0,173527.40475122715
1531,1844,3,1,0,194208.25646412632
1532,936,2,1,0,123852.69031234435
1533,1347,3,1,0,140421.03843335347
1534,1251,3,1,0,130031.55567489429
1535,1633,3,1,0,171373.03915126302
1536,1245,3,1,0,129382.2130024906
1537,832,2,1,0,112597.4173240136
1538,1566,3,2,0,194502.8295556477
1539,2268,3,3,0,300856.7058064396
1540,2256,4,2,0,241265.61194342872
1541,1470,2,1,1,185230.8082368921
1542,1612,3,1,1,172686.95987846883
1543,2068,3,1,1,222037.0029811498
1544,765,2,1,0,105346.42414883897
1545,1132,2,1,0,145064.55094419845
1546,1196,3,1,1,127665.8679251458
1547,1453,3,1,1,155479.37905977084
1548,1416,3,1,1,151475.09924661473
1549,1040,2,1,0,135107.96330067507
1550,1536,4,2,0,163344.49125498513
1551,1068,2,1,0,138138.22910522568
1552,1962,4,1,1,182653.657496707
1553,1560,3,1,1,167059.32338430342
1554,1324,3,1,0,137931.8915224726
1555,1675,3,2,0,206299.2214376482
1556,1224,3,1,1,130696.1337296964
1557,1392,3,1,0,145291.10847638117
1558,919,3,1,0,94101.26113522305
1559,1884,4,1,1,174212.20275545891
1560,1680,2,2,0,234751.9652699621
1561,1832,4,2,0,195378.72976023416
1562,892,3,1,0,91179.21910940642
1563,864,2,1,0,116060.57824349997
1564,1373,3,1,0,143234.85668043612
1565,1440,4,1,1,126160.84499758534
1566,1483,1,1,1,214549.34229907757
1567,756,2,1,0,104372.41014023343
1568,1981,4,2,1,215090.6928722114
1569,1610,4,2,0,171353.05088129736
1570,1074,3,1,0,110875.94683898524
1571,1531,3,1,0,160334.21372040018
1572,1172,3,1,0,121481.87715491229
1573,1508,1,1,0,213668.31668680758
1574,1298,3,2,0,165498.85685494926
1575,1433,1,1,1,209138.15336238014
1576,1802,3,2,1,223630.26141747858
1577,1222,2,2,0,185185.47460981325
1578,1445,3,2,0,181407.75232883982
1579,965,2,1,0,126991.17989562885
1580,1692,3,2,1,211725.6457567441
1581,1026,3,1,1,109267.8255403744
1582,876,3,1,0,89447.63864966323
1583,1978,3,2,1,242677.64647465365
1584,2098,4,2,1,227752.87498408346
1585,848,1,1,0,142240.62272240093
1586,640,2,1,0,91818.45180709529
1587,992,3,1,0,102001.59698280138
1588,1196,3,1,0,124079.24784452705
1589,1120,2,1,0,143765.86559939105
1590,1096,3,1,0,113256.86997113212
1591,960,3,1,0,98538.43606331498
1592,1296,2,2,0,193194.03423612547
1593,856,2,1,0,115194.78801362836
1594,2650,6,3,0,258463.31446687592
1595,1666,3,1,0,174944.4238494833
1596,2133,4,1,1,201159.92366021234
1597,2177,5,2,1,208390.92856542137
1598,1652,3,2,1,207396.69460738616
1599,1034,1,1,0,162370.24556691555
1600,1191,2,2,0,181830.5374690608
1601,540,1,1,0,108907.69887234447
1602,1107,2,1,0,142358.9564758497
1603,952,3,1,0,97672.6458334434
1604,1646,2,2,0,231072.3567930078
1605,1916,3,2,1,235967.77219314882
1606,1285,3,2,0,164091.94773140794
1607,2048,5,3,0,221224.22460768247
1608,1346,3,2,0,170693.59823417885
1609,1214,2,2,0,184319.68437994167
1610,1444,3,2,1,184886.14863072467
1611,1264,2,1,0,159350.08973707978
1612,1430,3,2,0,179784.3956478306
1613,1344,3,2,0,170477.15067671094
1614,945,2,1,0,124826.70432094988
1615,1092,3,1,1,116410.59493681505
1616,1092,3,1,1,116410.59493681505
1617,1092,3,1,1,116410.59493681505
1618,874,3,1,0,89231.19109219532
1619,833,2,1,0,112705.64110274753
1620,2432,4,4,2,328247.80432095996
1621,1274,3,1,1,136107.32266639388
1622,1479,5,2,0,129264.11092850586
1623,1803,3,2,1,223738.4851962125
1624,1797,3,2,1,223089.14252380884
1625,882,2,1,0,118008.60626071107
1626,1434,4,2,0,152305.66582412223
1627,1608,3,2,1,202634.84834309234
1628,2283,4,2,1,247774.2740498641
1629,1628,3,2,1,204799.32391777137
1630,2522,1,2,0,353788.0119025917
1631,1478,2,2,0,212890.76196570433
1632,1734,2,2,0,240596.04932159535
1633,1382,3,2,1,178176.27434921975
1634,1636,3,2,1,205665.11414764295
1635,1516,3,2,1,192678.260699569
1636,1190,3,2,0,153810.6887516827
1637,1934,3,2,1,237915.80021035988
1638,2050,4,2,1,222558.13360485388
1639,1671,3,2,0,205866.32632271238
1640,2673,4,2,1,289981.54775610444
1641,1707,3,2,0,209762.38235713457
1642,1884,3,2,1,232504.6112736624
1643,1874,3,2,1,231422.3734863229
1644,1811,3,2,1,224604.2754260841
1645,1621,3,2,0,200455.13738601495
1646,1116,3,2,0,145802.12912537047
1647,1193,3,2,0,154135.3600878846
1648,1180,2,1,1,153845.91240404674
1649,1050,3,1,1,111865.19622998919
1650,864,3,1,0,88148.95330485584
1651,864,3,1,0,88148.95330485584
1652,987,2,1,1,132958.7231083945
1653,987,2,1,1,132958.7231083945
1654,1548,3,2,1,196141.4216190554
1655,1055,2,2,0,167112.10356124368
1656,1456,3,2,1,186184.83397553206
1657,1548,3,2,1,196141.4216190554
1658,1456,3,2,1,186184.83397553206
1659,836,2,1,0,113030.31243894939
1660,1120,3,1,0,115854.24066074692
1661,2772,4,3,1,331076.4854303247
1662,2690,3,2,1,319732.97693322576
1663,2020,3,2,0,243636.4251008608
1664,2674,2,2,1,345913.0214121266
1665,1736,3,2,0,212900.8719404191
1666,1782,3,2,0,217879.16576218078
1667,2520,5,2,1,245511.68467116606
1668,1743,3,2,0,213658.43839155676
1669,1531,2,2,0,218626.62223860365
1670,1808,3,2,0,220692.98400926348
1671,1760,3,2,0,215498.2426300339
1672,2452,3,2,0,290389.0975139269
1673,2400,4,3,1,290817.2397412955
1674,1606,3,2,0,198831.78070500572
1675,1358,2,2,0,199903.90851763036
1676,1306,1,2,0,222187.89696210917
1677,1358,2,2,0,199903.90851763036
1678,2492,2,2,1,326216.29368254787
1679,2200,3,2,1,266703.3253535904
1680,1884,2,2,0,256829.61613168777
1681,1456,2,2,0,210509.83883355744
1682,1712,3,2,0,210303.50125080431
1683,1405,2,2,0,204990.42611812596
1684,1456,3,2,1,186184.83397553206
1685,1490,3,2,1,189864.44245248634
1686,1220,2,2,0,184969.02705234534
1687,1374,3,2,1,177310.48411934817
1688,1630,3,2,1,205015.77147523922
1689,1594,3,2,1,201119.7154408171
1690,1489,3,2,1,189756.21867375236
1691,1342,3,2,1,173847.32319986174
1692,2004,4,2,1,217579.8397830922
1693,1374,3,2,1,177310.48411934817
1694,1514,3,2,1,192461.81314210113
1695,1430,3,2,1,183371.01572844936
1696,2312,4,2,1,250912.76363314863
1697,1430,3,2,1,183371.01572844936
1698,2687,4,2,1,291496.68065837974
1699,2063,3,2,0,248290.04758642058
1700,2061,3,2,1,251660.2201095715
1701,2232,3,2,1,270166.48627307685
1702,1696,3,2,0,208571.92079106116
1703,1658,3,2,1,208046.03727978983
1704,1702,3,2,0,209221.26346346483
1705,1432,3,2,0,180000.8432052985
1706,2490,2,2,0,322413.22604446113
1707,1436,3,2,0,180433.73832023426
1708,1402,3,2,0,176754.12984328
1709,1530,3,2,0,190606.77352122552
1710,1448,2,2,0,209644.0486036858
1711,1795,3,2,1,222872.69496634093
1712,1836,3,2,0,223723.2498138141
1713,1662,3,2,0,204892.31231410688
1714,1553,3,2,0,193095.9204321064
1715,1653,3,2,1,207504.9183861201
1716,1218,3,1,1,130046.7910572927
1717,1141,3,1,1,121713.56009477859
1718,1158,3,1,1,123553.36433325573
1719,1812,3,2,1,224712.49920481807
1720,1512,3,2,0,188658.74550401446
1721,1114,3,1,1,118791.51806896196
1722,1114,3,1,1,118791.51806896196
1723,1114,3,2,0,145585.68156790256
1724,1450,2,2,0,209860.49616115371
1725,2122,4,2,1,230350.24567369826
1726,1730,3,2,1,215838.1493486342
1727,1332,2,2,0,197090.09027054766
1728,1540,3,2,1,195275.63138918378
1729,1400,3,2,1,180124.30236643084
1730,1882,4,2,0,200789.91869693165
1731,980,3,1,0,100702.91163799398
1732,864,3,1,0,88148.95330485584
1733,864,2,1,0,116060.57824349997
1734,1020,3,2,0,135412.6463669113
1735,912,3,1,0,93343.69468408542
1736,912,3,1,0,93343.69468408542
1737,2014,2,2,0,270898.7073671012
1738,1755,3,2,1,218543.74381698293
1739,3005,3,2,1,353823.4672344198
1740,1726,2,2,1,243316.8791723425
1741,1256,1,1,1,189982.54452647103
1742,1512,2,2,1,220156.99052327735
1743,1452,3,2,1,185751.93886059624
1744,1694,2,2,0,236267.0981722374
1745,1740,2,1,1,214451.22849505846
1746,2499,4,2,1,271150.6102563972
1747,2067,3,2,1,252309.56278197517
1748,2640,5,2,1,258498.53811923997
1749,1336,3,2,0,169611.36044683936
1750,1216,3,1,0,126243.72341920606
1751,2288,4,1,2,221521.22944459322
1752,864,2,1,0,116060.57824349997
1753,1568,3,1,1,167925.113614175
1754,2061,4,2,1,223748.59517092735
1755,1320,3,2,0,167879.77998709615
1756,894,2,1,0,119307.29160551846
1757,864,3,1,0,88148.95330485584
1758,1362,3,1,0,142044.3951143627
1759,1728,3,2,0,212035.08171054753
1760,1313,3,1,1,140328.0500370179
1761,1292,3,1,1,138055.35068360495
1762,2140,4,2,1,232298.27369090932
1763,1576,4,1,0,137292.65882478375
1764,960,2,1,0,126450.06100195911
1765,1691,2,1,0,205561.6432564762
1766,1453,3,2,0,182273.5425587114
1767,1567,2,2,0,222522.67827302578
1768,1144,3,1,0,118451.61135036168
1769,1329,3,1,1,142059.63049676112
1770,988,3,2,0,131949.48544742493
1771,1202,3,1,0,124728.59051693075
1772,1382,3,1,0,144208.87068904168
1773,1200,3,1,0,124512.14295946287
1774,1866,4,2,0,199058.33823718844
1775,1062,3,1,0,109577.26149417784
1776,1112,2,1,0,142900.07536951944
1777,793,2,1,0,108376.68995338955
1778,1031,2,1,0,134133.94929206953
1779,1210,2,1,1,157092.62576606523
1780,1527,3,1,1,163487.93868608307
1781,1200,3,1,0,124512.14295946287
1782,792,2,1,0,108268.4661746556
1783,1352,4,2,0,143431.31596793843
1784,1039,2,1,0,134999.73952194114
1785,1078,3,1,0,111308.84195392103
1786,2377,3,2,0,282272.3141088807
1787,1690,4,2,0,180010.9531800133
1788,599,2,1,0,87381.27687900336
1789,846,2,1,0,114112.55022628888
1790,725,1,1,1,132515.71801874385
1791,2544,6,2,2,223784.05050275545
1792,1380,3,1,1,147579.04321219254
1793,1040,3,1,0,107196.33836203093
1794,951,2,1,0,125476.04699335358
1795,1105,3,1,0,114230.88397973766
1796,1142,2,1,0,146146.78873153793
1797,1133,3,1,0,117261.14978428824
1798,1041,3,1,0,107304.56214076489
1799,732,2,1,0,101775.03945061864
1800,1183,3,1,0,122672.33872098573
1801,1461,4,2,0,155227.70784993892
1802,1495,3,1,0,156438.157685978
1803,1806,4,1,1,165770.74801421087
1804,941,2,1,0,124393.80920601409
1805,1045,3,1,0,107737.4572557007
1806,1378,3,1,0,143775.97557410586
1807,1944,4,2,0,207499.79297843648
1808,1306,3,1,1,139570.48358588025
1809,1464,3,2,0,183464.00412478487
1810,1558,3,1,1,166842.87582683552
1811,1701,4,2,0,181201.41474608678
1812,1447,3,1,0,151243.4163067484
1813,1328,3,1,1,141951.40671802714
1814,861,2,1,0,115735.90690729814
1815,612,1,1,0,116699.81094118884
1816,792,2,1,0,108268.4661746556
1817,1510,3,2,0,188442.29794654655
1818,2007,3,2,0,242229.51597731942
1819,1288,3,1,0,134035.83548805042
1820,816,2,1,0,110865.83686427039
1821,1480,3,1,0,154814.8010049687
1822,1521,4,1,0,131340.3509944165
1823,797,2,1,0,108809.58506832537
1824,1432,3,1,0,149620.05962573917
1825,1654,3,2,0,204026.52208423524
1826,1142,3,1,0,118235.1637928938
1827,995,2,1,0,130237.89325764735
1828,1582,3,2,0,196234.41001539092
1829,1072,2,1,0,138571.12422016147
1830,1768,3,2,0,216364.03285990554
1831,1944,3,2,0,235411.4179170806
1832,2128,4,2,0,227412.96826548318
1833,1930,4,2,0,205984.66007616118
1834,1427,3,1,0,149078.94073206943
1835,1864,6,2,1,146605.260883051
1836,1666,3,1,0,174944.4238494833
1837,892,1,1,0,147002.4689866947
1838,1403,3,1,1,150068.19012307335
1839,704,2,1,0,98744.77364606806
1840,1200,3,3,0,185273.71011858157
1841,1152,2,2,0,177609.81009843678
1842,1112,4,2,0,117457.6090717905
1843,1052,3,1,1,112081.64378745707
1844,1034,3,1,0,106546.99568962726
1845,1774,4,2,0,189101.75059366509
1846,1138,3,1,0,117802.26867795798
1847,2071,4,1,1,194450.04937870748
1848,660,2,1,0,93982.92738177427
1849,1383,2,1,0,172228.71940641975
1850,1073,2,1,0,138679.34799889542
1851,1639,3,1,1,175609.00190428545
1852,1089,3,1,0,112499.30351999447
1853,1049,2,2,0,166462.76088883996
1854,1061,1,1,1,168878.90767335088
1855,1338,2,1,1,170945.26944401077
1856,1879,3,2,1,231963.49237999265
1857,2016,4,1,0,184911.12146772153
1858,2228,6,2,0,182412.0962615899
1859,1535,4,2,0,163236.26747625115
1860,1229,2,0,2,132354.71406306967
1861,1513,4,2,0,160855.34434410426
1862,2787,6,4,2,310843.9958942238
1863,2787,6,4,2,310843.9958942238
1864,2787,6,4,2,310843.9958942238
1865,1680,1,1,1,235869.42670966565
1866,1720,3,2,0,211169.29148067595
1867,1468,3,2,0,183896.8992397207
1868,1838,3,2,0,223939.69737128195
1869,1290,2,2,0,192544.6915637218
1870,1254,2,2,0,188648.63552929962
1871,1498,3,2,0,187143.61260173915
1872,1422,3,2,1,182505.22549857778
1873,1759,3,2,1,218976.63893191874
1874,990,3,1,0,101785.14942533347
1875,1463,3,2,0,183355.7803460509
1876,1772,3,2,1,220383.54805546007
1877,1444,3,2,0,181299.5285501059
1878,1492,3,2,0,186494.26992933542
1879,907,3,1,0,92802.57579041568
1880,914,2,1,0,121471.76718019744
1881,1611,3,2,0,199372.89959867546
1882,2184,4,2,1,237060.1199552031
1883,1725,3,2,1,215297.03045496446
1884,1870,3,2,1,230989.47837138714
1885,1513,2,2,0,216678.59422139253
1886,1828,3,2,0,222857.45958394246
1887,1417,3,2,0,178377.48652428924
1888,1602,3,2,0,198398.8855900699
1889,1396,3,2,1,179691.40725149508
1890,1149,3,1,0,118992.73024403145
1891,1072,2,1,0,138571.12422016147
1892,876,3,1,0,89447.63864966323
1893,1368,3,1,0,142693.73778676637
1894,1678,6,2,0,122889.01795791765
1895,1560,2,1,0,191384.32824232883
1896,1298,3,1,0,135118.0732753899
1897,1268,3,1,1,135457.97999399016
1898,1242,3,1,1,132644.1617469075
1899,1232,3,1,0,127975.30387894924
1900,1228,3,1,0,127542.40876401345
1901,1567,2,1,1,195728.5147740852
1902,1273,2,1,0,160324.1037456853
1903,2480,5,2,1,241182.73352180806
1904,1112,2,1,0,142900.07536951944
1905,1561,3,2,0,193961.71066197797
1906,1523,3,2,0,189849.20707008787
1907,1906,3,1,1,204504.75082624998
1908,1032,2,1,0,134242.1730708035
1909,1229,2,1,1,159148.87756201028
1910,1229,2,1,1,159148.87756201028
1911,1982,3,2,1,243110.54158958947
1912,2365,3,2,0,280973.62876407336
1913,2168,5,2,0,203830.29447619707
1914,572,2,1,0,84459.23485318672
1915,1648,2,2,0,231288.80435047572
1916,810,1,1,0,138128.11913051084
1917,2052,3,2,1,250686.20610096594
1918,926,2,1,0,122770.45252500483
1919,1287,2,1,1,165425.85672857935
1920,1595,2,2,0,225552.9440775764
1921,2036,3,2,0,245368.00556060395
1922,1641,3,2,0,202619.61296069392
1923,2237,3,2,1,270707.60516674654
1924,1479,3,2,1,188673.98088641287
1925,2014,3,2,1,246573.70250907584
1926,1978,2,2,0,267002.65133267903
1927,1008,3,1,0,103733.17744254456
1928,1404,3,2,0,176970.57740074792
1929,796,2,1,0,108701.36128959141
1930,1091,2,1,0,140627.37601610651
1931,883,2,1,0,118116.83003944502
1932,1287,3,1,1,137514.2317899352
1933,1632,4,1,1,146939.81051450365
1934,1604,3,2,1,202201.95322815658
1935,1470,3,2,1,187699.9668778073
1936,1604,3,2,1,202201.95322815658
1937,1636,3,2,1,205665.11414764295
1938,1384,3,2,0,174806.10182606895
1939,1682,1,1,1,236085.8742671335
1940,1280,2,2,0,191462.45377638232
1941,1633,3,2,1,205340.4428114411
1942,1709,3,2,1,213565.44999522125
1943,1337,2,2,0,197631.2091642174
1944,2500,5,3,1,273727.9926760464
1945,1884,2,2,0,256829.61613168777
1946,1474,3,1,0,154165.45833256503
1947,1710,2,2,0,237998.6786319806
1948,1488,3,2,1,189647.99489501843
1949,1688,2,2,0,235617.75549983367
1950,1260,3,2,0,161386.35326305922
1951,2064,3,2,0,248398.27136515456
1952,1782,3,2,0,217879.16576218078
1953,1211,3,2,0,156083.38810509566
1954,2044,3,2,1,249820.41587109436
1955,1308,3,1,1,139786.93114334816
1956,2840,4,2,1,308054.918804674
1957,1444,2,2,0,209211.15348875005
1958,2340,4,2,1,253943.02943769924
1959,1792,4,2,2,198223.01877211363
1960,936,2,1,0,123852.69031234435
1961,864,3,1,0,88148.95330485584
1962,987,2,1,1,132958.7231083945
1963,987,2,1,1,132958.7231083945
1964,1302,3,2,1,169518.3720505038
1965,1456,4,2,1,158273.2090368879
1966,1055,2,2,0,167112.10356124368
1967,1582,3,2,0,196234.41001539092
1968,2464,4,2,1,267362.77800070896
1969,1950,2,2,0,263972.3855281285
1970,2748,4,2,1,298098.33116115065
1971,2790,4,2,1,302643.7298679765
1972,2331,3,2,1,280880.64036773785
1973,2088,4,2,1,226670.63719674398
1974,2332,4,2,1,253077.23920782766
1975,2470,1,1,1,321366.21190948575
1976,1575,2,2,0,223388.46850289742
1977,2649,4,2,1,287384.17706648965
1978,2690,4,2,1,291821.3519945816
1979,1866,2,2,0,254881.5881144767
1980,1367,2,2,0,200877.92252623593
1981,1800,2,2,0,247738.81871803605
1982,1342,2,2,0,198172.32805788715
1983,1342,2,2,0,198172.32805788715
1984,1626,2,2,1,232494.50129894758
1985,1455,2,2,0,210401.61505482346
1986,1576,2,2,0,223496.69228163135
1987,1246,2,2,0,187782.84529942804
1988,1515,3,2,1,192570.03692083506
1989,1720,3,2,1,214755.91156129472
1990,1986,4,2,1,215631.81176588114
1991,1358,2,2,0,199903.90851763036
1992,1892,3,2,1,233370.40150353403
1993,1414,3,2,1,181639.43526870615
1994,2322,4,2,1,251995.00142048817
1995,1651,3,2,1,207288.47082865218
1996,2199,3,2,1,266595.10157485656
1997,2172,4,2,1,235761.43461039575
1998,2006,2,2,0,270032.91713722964
1999,2125,4,2,1,230674.9170099001
2000,2501,4,2,1,271367.05781386513
2001,2197,4,2,1,238467.02907874447
2002,1578,3,2,0,195801.5149004551
2003,1861,3,3,0,256809.6278617221
2004,1874,3,2,1,231422.3734863229
2005,1460,3,2,0,183031.10900984905
2006,1372,3,2,0,173507.41648126155
2007,1660,3,2,0,204675.86475663897
2008,1218,2,2,0,184752.57949487743
2009,1696,3,2,1,212158.54087167993
2010,1663,3,2,1,208587.15617345957
2011,1175,3,1,0,121806.54849111412
2012,1162,3,2,0,150780.42294713215
2013,1609,3,2,1,202743.07212182632
2014,1680,3,2,1,210426.9604119367
2015,1657,3,2,1,207937.8135010559
2016,1677,3,2,1,210102.28907573488
2017,1737,3,2,1,216595.71579977186
2018,984,3,1,0,101135.80675292977
2019,864,3,1,0,88148.95330485584
2020,890,3,1,0,90962.77155193851
2021,864,3,1,0,88148.95330485584
2022,1430,3,2,0,179784.3956478306
2023,1641,4,2,0,174707.9880220498
2024,2683,4,2,1,291063.7855434439
2025,2786,4,2,1,302210.83475304075
2026,1245,1,2,0,215586.2464593382
2027,1200,2,2,1,186391.1715582851
2028,1392,2,2,0,203583.51699458464
2029,1549,3,2,1,196249.64539778934
2030,1638,2,2,0,230206.56656313624
2031,1310,1,1,1,195826.62857810434
2032,1419,2,1,1,179711.39552146068
2033,1557,2,2,0,221440.4404856863
2034,1404,3,2,1,180557.19748136666
2035,1789,3,2,1,222223.3522939372
2036,1586,3,2,1,200253.92521094545
2037,1607,3,2,1,202526.6245643584
2038,2393,2,2,1,315502.13958788686
2039,1239,1,1,1,188142.7402879939
2040,2944,3,2,2,350808.43681226764
2041,1671,3,3,0,236247.10990227174
2042,1812,3,2,1,224712.49920481807
2043,1427,4,2,0,151548.09937298464
2044,1740,4,1,1,158627.9786177702
2045,1620,4,2,0,172435.28866863684
2046,1625,4,2,0,172976.4075623066
2047,1464,4,1,1,128758.21568720014
2048,925,3,1,0,94750.60380762674
2049,1728,6,2,0,128300.20689461514
2050,1670,4,1,1,151052.31410639375
2051,1014,2,1,0,132294.1450535924
2052,1114,3,1,0,115204.89798834322
2053,1118,3,1,0,115637.79310327901
2054,906,2,1,0,120605.97695032586
2055,1496,3,2,0,186927.16504427124
2056,1337,3,1,0,139338.80064601393
2057,1036,3,1,0,106763.44324709514
2058,1988,4,2,1,215848.259323349
2059,1176,3,1,0,121914.77226984808
2060,1440,2,2,0,208778.25837381423
2061,1570,3,1,0,164554.9410910242
2062,1104,3,1,0,114122.6602010037
2063,882,2,1,0,118008.60626071107
2064,1152,3,1,1,122904.02166085203
2065,950,2,1,0,125367.82321461962
2066,1790,3,2,0,218744.95599205242
2067,1764,4,2,1,191606.13288694434
2068,1824,5,2,0,166601.31459171846
2069,869,1,1,0,144513.32207581383
2070,1159,3,1,0,120074.96803137094
2071,672,2,1,0,95281.61272658166
2072,1436,3,1,0,150052.95474067493
2073,1044,3,1,1,111215.85355758549
2074,1312,3,1,1,140219.82625828398
2075,1081,3,1,0,111633.51329012286
2076,876,2,1,0,117359.26358830737
2077,1256,3,1,1,134159.29464918276
2078,1027,3,1,0,105789.42923848961
2079,1320,3,2,0,167879.77998709615
2080,984,2,1,0,129047.4316915739
2081,1278,4,1,0,105041.97276206678
2082,1800,6,2,0,136092.31896345952
2083,1588,3,1,1,170089.58918885404
2084,825,2,1,0,111839.85087287595
2085,1117,3,1,0,115529.56932454505
2086,1133,3,1,0,117261.14978428824
2087,1323,3,1,0,137823.66774373868
2088,1360,2,1,0,169739.57249553892
2089,672,2,1,0,95281.61272658166
2090,1456,4,1,1,127892.42545732856
2091,1594,3,2,0,197533.09536019832
2092,1656,2,2,0,232154.5945803473
2093,1740,2,1,0,210864.60841443972
2094,1027,2,1,0,133701.05417713374
2095,1436,3,2,0,180433.73832023426
2096,899,2,1,0,119848.4104991882
2097,1080,3,1,0,111525.28951138894
2098,1499,3,1,0,156871.05280091375
2099,407,1,1,0,94513.93630072918
2100,1588,5,2,0,141060.50281050635
2101,1627,4,2,0,173192.8551197745
2102,1450,3,1,0,151568.08764295024
2103,1017,2,1,0,132618.81638979423
2104,2350,4,2,0,251438.64714441999
2105,1540,3,1,1,164894.84780962445
2106,1086,2,1,0,140086.25712243677
2107,2495,5,2,0,239219.47012219855
2108,984,2,1,0,129047.4316915739
2109,1093,2,1,0,140843.8235735744
2110,1143,2,1,0,146255.0125102719
2111,1668,3,1,1,178747.49148757
2112,1738,3,2,0,213117.31949788702
2113,1210,3,1,0,125594.38074680236
2114,1290,3,1,1,137838.90312613704
2115,1672,3,1,1,179180.38660250578
2116,949,2,1,0,125259.59943588567
2117,1497,3,2,0,187035.38882300523
2118,1342,2,2,0,198172.32805788715
2119,1013,3,1,0,104274.2963362143
2120,1216,3,1,0,126243.72341920606
2121,896,2,1,0,119523.73916298634
2122,1136,2,1,0,145497.44605913424
2123,808,1,1,0,137911.67157304293
2124,2009,4,2,0,214534.3385961432
2125,1902,4,2,0,202954.39427161062
2126,1716,4,2,0,182824.771427096
2127,1984,5,2,0,183917.11918915037
2128,1609,3,1,0,168775.66846164822
2129,768,1,1,0,133582.72042368498
2130,1536,4,1,1,136550.3277560445
2131,1969,4,2,0,210205.38744678526
2132,1308,2,2,0,194492.71958093287
2133,1040,2,1,0,135107.96330067507
2134,1236,3,2,0,158788.98257344443
2135,759,1,1,0,132608.70641507942
2136,1344,3,2,0,170477.15067671094
2137,1054,3,1,0,108711.47126430624
2138,1075,3,1,0,110984.17061771917
2139,1096,3,1,0,113256.86997113212
2140,992,3,1,0,102001.59698280138
2141,1034,3,1,0,106546.99568962726
2142,1073,3,1,0,110767.72306025129
2143,1126,2,1,0,144415.20827179475
2144,1140,3,1,0,118018.71623542589
2145,960,3,1,0,98538.43606331498
2146,1188,1,1,0,179036.70749194373
2147,1721,3,2,0,211277.51525940988
2148,1350,2,1,1,172243.95478881817
2149,904,3,1,0,92477.90445421381
2150,1524,3,2,0,189957.43084882185
2151,1079,2,1,0,139328.69067129912
2152,1518,2,1,0,186838.92953550295
2153,1509,3,1,0,157953.29058825324
2154,864,2,1,0,116060.57824349997
2155,1269,3,1,1,135566.20377272414
2156,2814,4,2,1,305241.1005575913
2157,1626,3,2,1,204582.87636030346
2158,2200,4,2,1,238791.7004149463
2159,2037,3,2,1,249062.8494199567
2160,1356,3,2,1,175362.45610213705
2161,1615,3,2,0,199805.79471361122
2162,2276,3,2,0,271341.71245675185
2163,1766,3,2,1,219734.2053830564
2164,1511,3,2,0,188550.52172528047
2165,1643,2,2,0,230747.68545680598
2166,990,3,1,0,101785.14942533347
2167,1418,3,2,0,178485.71030302322
2168,1771,3,2,1,220275.32427672614
2169,1652,3,2,1,207396.69460738616
2170,1823,3,2,1,225902.96077089148
2171,1174,3,1,0,121698.32471238017
2172,1076,3,1,1,114679.01447707186
2173,1558,2,2,0,221548.66426442028
2174,2161,3,2,1,262482.59798296646
2175,1947,3,2,1,239322.70933390126
2176,1786,3,2,0,218312.0608771166
2177,2327,4,2,1,252536.12031415792
2178,1764,3,2,1,219517.7578255885
2179,848,1,1,0,142240.62272240093
2180,1838,2,2,0,251851.3223099261
2181,1445,3,2,0,181407.75232883982
2182,1564,3,2,0,194286.3819981798
2183,1361,3,2,0,172316.95491518808
2184,1092,3,1,0,112823.9748561963
2185,1033,3,1,0,106438.77191089331
2186,1127,3,1,1,120198.42719250328
2187,1117,3,1,0,115529.56932454505
2188,1398,3,1,1,149527.0712294036
2189,3820,5,3,1,416583.3806048597
2190,1152,2,2,0,177609.81009843678
2191,1152,2,2,0,177609.81009843678
2192,784,2,1,0,107402.67594478402
2193,1053,2,1,1,140101.49250483516
2194,1137,4,1,1,93369.04004119866
2195,930,2,1,0,123203.34763994065
2196,1204,3,1,0,124945.03807439866
2197,1292,3,1,1,138055.35068360495
2198,1424,2,2,0,207046.677914071
2199,1920,4,2,2,212075.66245005917
2200,1316,2,1,0,164977.72623124515
2201,1264,3,1,0,131438.46479843563
2202,1512,3,2,0,188658.74550401446
2203,1603,4,1,0,140214.70085060038
2204,1938,4,2,0,206850.4503060328
2205,1374,3,1,0,143343.0804591701
2206,1091,2,1,0,140627.37601610651
2207,1873,4,1,1,173021.74118938547
2208,2161,3,2,1,262482.59798296646
2209,1898,3,2,1,234019.7441759377
2210,1032,2,1,0,134242.1730708035
2211,919,2,1,0,122012.88607386718
2212,1090,3,1,0,112607.52729872843
2213,1200,4,1,0,96600.51802081874
2214,1656,3,1,1,177448.8061427626
2215,912,2,1,0,121255.31962272956
2216,1955,4,2,0,208690.25454450995
2217,733,2,1,0,101883.2632293526
2218,1361,2,1,0,169847.79627427287
2219,1049,2,1,0,136081.97730928063
2220,864,3,1,1,91735.57338547458
2221,1648,2,2,0,231288.80435047572
2222,1646,2,2,0,231072.3567930078
2223,2032,3,3,0,275315.8940252275
2224,1820,3,2,1,225578.28943468965
2225,1872,4,2,2,206880.92107082965
2226,1689,3,2,0,207814.3543399235
2227,1501,2,2,0,215379.90887658513
2228,1537,3,2,0,191364.33997236317
2229,1780,3,2,1,221249.33828533164
2230,1442,3,2,1,184669.70107325676
2231,1612,3,2,1,203067.74345802816
2232,1495,3,2,0,186818.94126553732
2233,1256,3,2,0,160953.4581481234
2234,1440,3,2,0,180866.63343517008
2235,1675,3,2,0,206299.2214376482
2236,1728,3,2,0,212035.08171054753
2237,1964,3,2,1,241162.5135723784
2238,1344,2,2,0,198388.77561535506
2239,1092,2,1,0,140735.59979484044
2240,1189,2,2,0,181614.0899115929
2241,1200,3,1,0,124512.14295946287
2242,1040,3,1,0,107196.33836203093
2243,1475,4,2,0,156742.84075221416
2244,988,2,1,0,129480.32680650969
2245,988,1,1,0,157391.9517451538
2246,1160,3,1,0,120183.1918101049
2247,1092,3,2,1,146791.3785163744
2248,816,2,1,0,110865.83686427039
2249,845,3,1,0,86092.70150891079
2250,889,3,1,0,90854.54777320458
2251,1836,4,2,0,195811.62487516997
2252,1587,3,2,0,196775.52890906067
2253,1384,3,2,1,178392.72190668766
2254,1694,3,2,1,211942.09331421202
2255,1714,3,2,1,214106.568888891
2256,1553,3,2,1,196682.54051272516
2257,2299,5,3,1,251975.01315052254
2258,1187,3,2,0,153486.01741548086
2259,1642,3,2,1,206314.45682004662
2260,1128,3,1,0,116720.0308906185
2261,1179,2,2,0,180531.8521242534
2262,1321,1,1,0,193430.47006355904
2263,2541,4,3,1,306076.79254278244
2264,2338,4,2,1,253726.58188023133
2265,1424,3,1,1,152340.8894764863
2266,1612,2,2,0,227392.74831605353
2267,2234,1,1,1,295825.40012827364
2268,2042,3,2,0,246017.34823300768
2269,1284,3,2,0,163983.72395267396
2270,1479,3,2,1,188673.98088641287
2271,1664,3,2,0,205108.7598715748
2272,1930,4,2,1,209571.28015677992
2273,1177,3,2,0,152403.77962814138
2274,1353,2,2,0,199362.78962396062
2275,1220,2,2,0,184969.02705234534
2276,1324,3,2,0,168312.67510203196
2277,1877,4,2,1,203835.41988388065
2278,1422,3,1,0,148537.8218383997
2279,914,3,1,0,93560.1422415533
2280,914,2,1,0,121471.76718019744
2281,1337,2,2,0,197631.2091642174
2282,1337,2,2,0,197631.2091642174
2283,1092,3,1,1,116410.59493681505
2284,1218,4,1,1,102135.16611864857
2285,1055,2,2,0,167112.10356124368
2286,988,3,1,0,101568.70186786556
2287,1816,3,2,0,221558.77423913506
2288,1694,3,2,0,208355.47323359325
2289,2122,2,2,1,286173.4955509865
2290,2656,3,2,1,316053.3684562715
2291,2550,4,2,1,276670.02297182864
2292,2046,2,2,1,277948.4883672063
2293,2552,3,2,0,301211.4753873219
2294,2758,4,2,1,299180.56894849014
2295,2290,2,2,1,304355.09037829004
2296,2152,3,2,1,261508.58397436087
2297,2100,3,2,1,255880.94748019552
2298,1802,3,2,1,223630.26141747858
2299,2956,5,2,1,292697.252199168
2300,2385,3,2,1,286724.7244193711
2301,1818,3,2,1,225361.84187722174
2302,1614,3,2,0,199697.5709348773
2303,1721,3,2,0,211277.51525940988
2304,1828,3,2,1,226444.07966456123
2305,1302,1,1,1,194960.8383482327
2306,1302,1,1,1,194960.8383482327
2307,1362,2,2,0,200336.80363256618
2308,1554,2,2,0,221115.76914948446
2309,1577,2,2,0,223604.91606036533
2310,1324,2,2,0,196224.30004067608
2311,1405,2,2,0,204990.42611812596
2312,1496,3,3,0,217307.9486238306
2313,1536,3,2,1,194842.73627424802
2314,1458,3,2,0,182814.66145238114
2315,1495,3,2,1,190405.5613461561
2316,1746,3,2,1,217569.72980837736
2317,1326,3,2,0,168529.12265949987
2318,1504,3,2,1,191379.5753547616
2319,1456,3,2,1,186184.83397553206
2320,1258,3,2,0,161169.9057055913
2321,1589,2,2,0,224903.60140517273
2322,1266,2,2,0,189947.320874107
2323,1119,2,2,0,174038.42540021642
2324,1374,3,2,1,177310.48411934817
2325,1525,3,2,1,193652.27470817455
2326,1394,3,2,1,179474.95969402717
2327,1948,4,2,1,211519.30817399104
2328,1995,4,2,1,216605.82577448664
2329,1690,3,2,1,211509.1981992762
2330,1644,3,2,1,206530.90437751453
2331,2551,4,2,1,276778.24675056257
2332,3078,4,2,1,333812.1781433539
2333,2582,4,2,1,280133.183891315
2334,2385,4,2,1,258813.099480727
2335,2202,4,2,1,239008.1479724142
2336,2538,4,2,1,275371.33762702125
2337,1369,3,2,0,173182.74514505971
2338,1542,3,2,0,191905.45886603292
2339,1534,3,2,0,191039.66863616134
2340,1966,1,2,0,293615.59092651575
2341,1528,3,3,2,227944.34970455445
2342,1538,3,2,0,191472.5637510971
2343,1506,3,2,0,188009.40283161073
2344,1977,3,2,1,242569.42269591973
2345,1830,3,2,1,226660.52722202914
2346,1338,3,2,0,169827.80800430727
2347,1335,3,2,0,169503.13666810544
2348,1792,3,2,1,222548.02363013904
2349,1588,3,3,0,227264.53626735395
2350,1880,3,2,1,232071.71615872663
2351,1584,2,2,0,224362.48251150292
2352,1685,2,2,0,235293.08416363184
2353,2443,4,2,1,265090.07864729606
2354,1100,3,1,1,117276.38516668665
2355,1143,3,1,1,121930.0076522465
2356,1094,3,1,0,113040.42241366422
2357,1486,3,2,0,185844.92725693175
2358,1820,3,2,1,225578.28943468965
2359,1266,2,1,1,163153.15737516643
2360,894,2,1,0,119307.29160551846
2361,1040,3,1,1,110782.95844264967
2362,2503,3,2,1,299495.1303099772
2363,1037,2,1,0,134783.29196447323
2364,1055,2,1,0,136731.31998168433
2365,1378,2,2,0,202068.38409230934
2366,1151,2,2,0,177501.58631970282
2367,1565,2,2,0,222306.23071555793
2368,1352,2,2,0,199254.5658452267
2369,1550,2,2,1,224269.49411516738
2370,1501,3,2,1,191054.90401855976
2371,1573,3,2,1,198847.01608740413
2372,1358,3,2,0,171992.28357898624
2373,2048,3,2,1,250253.31098603012
2374,2362,3,2,1,284235.5775084903
2375,1494,1,1,1,215739.80386515104
2376,2362,3,2,1,284235.5775084903
2377,2497,2,2,0,323170.7924955988
2378,1152,3,1,1,122904.02166085203
2379,2411,4,2,1,261626.91772780963
2380,1082,3,1,0,111741.73706885682
2381,1295,3,1,1,138380.02201980684
2382,1610,3,2,0,199264.67581994148
2383,1594,2,2,0,225444.72029884247
2384,2075,3,2,1,253175.35301184675
2385,1093,3,2,0,143312.9822144896
2386,1052,3,1,0,108495.02370683833
2387,1107,3,1,0,114447.33153720557
2388,1224,2,2,0,185401.92216728115
2389,1074,2,1,0,138787.57177762937
2390,1187,2,1,0,151016.85877456566
2391,964,3,1,0,98971.3311782508
2392,894,3,1,0,91395.66666687433
2393,1200,3,2,0,154892.92653902224
2394,1042,3,2,0,137793.56949905818
2395,2154,5,2,1,205901.7816545405
2396,1374,3,1,0,143343.0804591701
2397,1652,3,1,1,177015.91102782678
2398,908,2,1,0,120822.42450779374
2399,666,2,1,0,94632.27005417796
2400,670,2,1,0,95065.16516911378
2401,808,2,1,0,110000.04663439881
2402,1150,2,1,0,147012.5789614095
2403,1560,4,2,0,165941.86194459992
2404,1280,3,2,0,163550.8288377382
2405,1254,3,1,0,130356.22701109615
2406,936,2,1,0,123852.69031234435
2407,1008,3,1,0,103733.17744254456
2408,1053,3,1,0,108603.24748557228
2409,1144,3,1,0,118451.61135036168
2410,1721,4,1,0,152985.10674120643
2411,922,2,1,0,122337.55741006904
2412,1411,3,1,0,147347.36027232622
2413,1216,3,1,0,126243.72341920606
2414,1154,3,1,1,123120.46921831994
2415,1560,4,2,0,165941.86194459992
2416,948,2,1,0,125151.37565715172
2417,1040,3,1,0,107196.33836203093
2418,925,3,1,0,94750.60380762674
2419,1540,4,1,0,133396.60279036156
2420,925,3,1,0,94750.60380762674
2421,1647,3,1,0,172888.17205353832
2422,924,2,1,0,122554.00496753695
2423,1544,3,2,0,192121.90642350083
2424,1728,3,1,0,181654.29813098817
2425,3086,4,3,1,365058.75195278483
2426,1281,1,2,0,219482.3024937604
2427,1534,3,1,1,164245.50513722072
2428,1651,4,2,0,175790.2258093893
2429,888,3,1,0,90746.32399447063
2430,952,3,1,0,97672.6458334434
2431,1238,3,1,1,132211.2666319717
2432,1040,3,1,0,107196.33836203093
2433,1170,3,1,0,121265.42959744438
2434,1242,3,1,1,132644.1617469075
2435,1377,3,1,0,143667.75179537194
2436,925,3,1,0,94750.60380762674
2437,864,2,1,0,116060.57824349997
2438,936,3,1,0,95941.06537370021
2439,960,2,1,0,126450.06100195911
2440,1296,3,1,0,134901.625717922
2441,1022,2,1,0,133159.935283464
2442,967,2,1,0,127207.62745309676
2443,1072,2,1,0,138571.12422016147
2444,1174,2,1,0,149609.9496510243
2445,1141,3,1,0,118126.94001415985
2446,1798,4,2,1,195285.74136389862
2447,1772,3,2,1,220383.54805546007
2448,1642,4,1,1,148022.04830184314
2449,1232,3,1,0,127975.30387894924
2450,1650,3,2,0,203593.62696929948
2451,1358,3,1,1,145198.12008004566
2452,2454,3,2,0,290605.5450713949
2453,968,2,1,0,127315.85123183072
2454,1382,1,2,0,230412.9041458893
2455,1060,1,1,0,165184.0638139982
2456,1435,3,1,0,149944.730961941
2457,1274,3,2,0,162901.48616533447
2458,1232,3,1,1,131561.92395956797
2459,884,2,1,0,118225.05381817897
2460,1409,3,1,1,150717.53279547708
2461,1322,4,1,0,109803.81902636058
2462,1426,3,1,0,148970.71695333545
2463,1281,2,1,0,161189.89397555692
2464,2264,4,2,1,245718.0222539191
2465,1376,3,1,0,143559.52801663795
2466,1316,4,1,0,109154.47635395688
2467,1344,3,1,1,143682.98717777035
2468,1173,3,2,0,151970.88451320556
2469,1214,2,1,0,153938.9008003823
2470,2294,5,3,0,247847.274176234
2471,1952,4,1,1,181571.4197093675
2472,2180,3,1,1,234158.06619935212
2473,1315,3,2,0,167338.6610934264
2474,1484,3,2,0,185628.47969946385
2475,2267,3,1,1,243573.53494920573
2476,1282,2,1,0,161298.11775429087
2477,999,3,1,0,102759.16343393903
2478,1452,2,1,0,179696.16013906227
2479,1005,3,1,0,103408.50610634273
2480,1020,3,2,0,135412.6463669113
2481,1040,3,1,0,107196.33836203093
2482,868,2,1,0,116493.47335843576
2483,897,3,1,0,91720.33800307616
2484,943,2,1,0,124610.25676348197
2485,912,3,1,0,93343.69468408542
2486,1375,3,1,0,143451.30423790403
2487,2654,4,3,0,314719.45945910004
2488,1302,2,1,1,167049.21340958858
2489,1299,3,1,0,135226.2970541239
2490,1176,3,1,0,121914.77226984808
2491,998,3,1,0,102650.93965520507
2492,1522,3,2,0,189740.98329135394
2493,1325,3,2,0,168420.8988807659
2494,1630,3,2,0,201429.15139462045
2495,1242,2,1,0,156969.1666049329
2496,2422,4,3,0,289611.54279282375
2497,1626,3,1,1,174202.09278074407
2498,864,3,1,0,88148.95330485584
2499,943,3,1,0,96698.63182483784
2500,1038,2,2,0,165272.29932276654
2501,1342,4,1,0,111968.29460103955
2502,1480,4,1,0,126903.17606632458
2503,1362,4,2,0,144513.5537552779
2504,1822,4,2,0,194296.49197289467
2505,1958,3,2,1,240513.17089997468
2506,1651,3,2,0,203701.8507480334
2507,2140,3,2,1,260209.89862955347
2508,1651,3,2,0,203701.8507480334
2509,1546,3,2,0,192338.35398096874
2510,1500,3,2,0,187360.06015920706
2511,1270,2,2,0,190380.21598904283
2512,1795,3,2,1,222872.69496634093
2513,1873,3,2,1,231314.14970758898
2514,1743,0,0,1,240218.36612898923
2515,1022,3,1,0,105248.31034481987
2516,1308,3,2,1,170167.71472290746
2517,990,3,1,0,101785.14942533347
2518,1097,3,1,1,116951.71383048482
2519,1873,3,2,1,231314.14970758898
2520,1753,3,2,1,218327.29625951502
2521,1690,3,2,1,211509.1981992762
2522,1842,3,2,1,227959.21256683653
2523,894,3,1,0,91395.66666687433
2524,1025,3,2,0,135953.76526058104
2525,1009,3,2,0,134222.1848008379
2526,1040,3,1,1,110782.95844264967
2527,907,3,1,0,92802.57579041568
2528,879,3,1,0,89772.30998586507
2529,864,3,1,0,88148.95330485584
2530,875,3,1,0,89339.41487092928
2531,1673,3,2,0,206082.7738801803
2532,1932,3,2,1,237699.35265289198
2533,1729,3,2,1,215729.92556990022
2534,1592,3,2,0,197316.6478027304
2535,2439,4,2,1,264657.18353236024
2536,1992,3,2,1,244192.77937692896
2537,1341,1,1,1,199181.5657188568
2538,1476,3,2,1,188349.30955021104
2539,1190,2,2,0,181722.31369032685
2540,1330,3,2,0,168962.01777443563
2541,1491,3,2,1,189972.66623122027
2542,1536,3,2,1,194842.73627424802
2543,936,2,1,0,123852.69031234435
2544,1088,2,1,0,140302.70467990465
2545,1351,3,1,0,140853.93354828923
2546,1179,2,1,0,150151.06854469405
2547,1044,3,1,0,107629.23347696675
2548,2233,5,2,1,214451.46017452254
2549,1408,3,2,1,180990.09259630248
2550,5095,2,2,1,607922.7897270182
2551,1072,2,1,0,138571.12422016147
2552,960,2,1,0,126450.06100195911
2553,1152,2,2,0,177609.81009843678
2554,1195,4,2,0,126440.18270670835
2555,865,2,1,0,116168.80202223393
2556,768,2,1,0,105671.09548504083
2557,864,3,1,0,88148.95330485584
2558,2592,6,2,0,221805.5517207475
2559,1422,3,1,0,148537.8218383997
2560,1298,2,2,0,193410.48179359338
2561,1098,2,1,0,141384.94246724414
2562,1436,3,1,0,150052.95474067493
2563,1461,3,1,0,152758.5492090237
2564,1718,4,2,1,186627.83906518266
2565,1226,2,1,1,158824.20622580842
2566,1755,4,2,0,187045.49879772004
2567,1355,3,2,0,171667.6122427844
2568,1560,3,1,1,167059.32338430342
2569,1488,3,2,0,186061.37481439966
2570,1045,2,1,0,135649.08219434484
2571,1680,4,2,0,178928.71539267382
2572,1020,1,1,0,160855.11266464024
2573,1696,3,2,0,208571.92079106116
2574,2726,2,2,1,351540.657906292
2575,1215,3,1,0,126135.4996404721
2576,1601,3,2,0,198290.6618113359
2577,1828,3,2,0,222857.45958394246
2578,816,2,1,0,110865.83686427039
2579,845,1,1,0,141915.95138619904
2580,1991,4,2,0,212586.31057893214
2581,1073,3,1,0,110767.72306025129
2582,1001,2,1,0,130887.23593005104
2583,1625,2,2,0,228799.65743959486
2584,1299,2,2,0,193518.70557232737
2585,1392,3,2,0,175671.89205594052
2586,1409,1,1,1,206540.78267276534
2587,1478,3,2,0,184979.13702706018
2588,918,3,1,0,93993.03735648912
2589,1026,2,1,0,133592.8303983998
2590,1501,2,2,0,215379.90887658513
2591,2279,4,2,1,247341.37893492833
2592,1689,3,2,0,207814.3543399235
2593,1564,2,2,0,222198.00693682395
2594,1240,3,2,0,159221.8776883802
2595,1312,2,2,0,194925.6146958687
2596,1922,2,2,0,260942.11972357787
2597,1491,3,2,0,186386.0461506015
2598,2486,5,3,1,272212.8597737711
2599,1824,3,2,0,222424.5644690067
2600,2034,2,1,0,242682.39936222087
2601,936,0,0,1,152881.776690692
2602,1092,3,1,1,116410.59493681505
2603,992,2,1,0,129913.22192144551
2604,1092,3,1,1,116410.59493681505
2605,1092,3,1,1,116410.59493681505
2606,1008,1,1,0,159556.42731983284
2607,1356,3,2,0,171775.83602151833
2608,1676,3,1,1,179613.28171744154
2609,1432,3,1,1,153206.67970635789
2610,796,2,1,0,108701.36128959141
2611,1608,3,1,0,168667.44468291424
2612,1178,3,1,1,125717.83990793473
2613,816,2,1,0,110865.83686427039
2614,887,3,1,0,90638.10021573667
2615,1293,2,2,0,192869.36289992364
2616,1024,2,1,0,133376.38284093188
2617,1797,3,1,1,192708.35894424948
2618,1390,1,1,1,204484.5308768203
2619,1851,3,2,0,225346.60649482333
2620,1525,3,2,1,193652.27470817455
2621,1671,3,2,1,209452.94640333115
2622,1776,3,2,1,220816.44317039588
2623,2064,4,2,1,224073.26650712918
2624,2212,3,2,1,268002.0106983979
2625,2687,4,2,1,291496.68065837974
2626,1169,3,2,0,151537.9893982698
2627,1204,2,2,0,183237.44659260215
2628,2798,3,3,1,361801.92861605156
2629,3390,5,3,1,370047.1557492614
2630,2473,4,2,1,268336.7920093145
2631,2698,4,2,1,292687.14222445316
2632,2795,4,3,1,333565.6323412055
2633,1714,2,2,0,238431.57374691637
2634,2000,3,2,1,245058.56960680053
2635,1102,2,1,0,141817.83758217996
2636,1857,4,2,1,201670.94430920162
2637,1083,2,1,0,139761.5857862349
2638,2318,3,2,1,279473.73124419653
2639,1875,3,3,0,258324.76076399742
2640,1103,3,2,0,144395.22000182915
2641,874,3,1,0,89231.19109219532
2642,1419,2,2,0,206505.55902040127
2643,1092,3,1,1,116410.59493681505
2644,1365,3,1,1,145955.68653118325
2645,1030,3,1,1,109700.72065531019
2646,948,2,1,1,128737.99573777046
2647,1092,3,1,1,116410.59493681505
2648,1069,2,2,0,168627.23646351896
2649,1387,3,1,0,144749.98958271142
2650,1055,2,2,0,167112.10356124368
2651,1456,3,2,1,186184.83397553206
2652,2589,4,2,1,280890.75034245267
2653,1618,2,2,0,228042.09098845726
2654,1740,4,2,0,185422.1421167108
2655,1868,2,2,0,255098.0356719446
2656,2206,4,2,1,239441.04308735003
2657,2091,3,2,1,254906.93347158996
2658,2253,3,2,1,272439.1856264898
2659,2389,4,2,1,259245.99459566275
2660,2358,4,2,1,255891.0574549103
2661,1792,2,2,0,246873.02848816442
2662,1780,2,2,0,245574.34314335702
2663,1914,3,2,1,235751.3246356809
2664,1565,2,2,0,222306.23071555793
2665,1686,1,2,0,263312.93288101
2666,1666,2,2,0,233236.8323676868
2667,1456,3,2,1,186184.83397553206
2668,1492,3,2,1,190080.8900099542
2669,1326,3,2,0,168529.12265949987
2670,2373,4,2,1,257514.4141359196
2671,1492,3,2,1,190080.8900099542
2672,1364,2,2,0,200553.2511900341
2673,1511,2,2,0,216462.14666392462
2674,1548,2,2,0,220466.4264770808
2675,1142,2,2,0,176527.5723110973
2676,1598,3,2,1,201552.61055575285
2677,1889,3,2,1,233045.7301673322
2678,2322,4,3,1,282375.7850000475
2679,1976,3,2,1,242461.19891718574
2680,2234,3,2,1,270382.9338305447
2681,2855,4,2,1,309678.27548568323
2682,2726,4,2,1,295717.40802900377
2683,3500,4,3,1,409863.39634864
2684,2494,4,2,1,270609.4913627275
2685,2799,3,2,1,331529.36881522625
2686,1964,3,2,1,241162.5135723784
2687,1670,2,2,1,237256.34756324135
2688,1504,3,2,0,187792.95527414282
2689,1278,2,2,0,191246.0062189144
2690,2640,3,3,1,344702.5715760876
2691,1716,3,2,1,214323.0164463589
2692,1142,3,1,1,121821.78387351254
2693,1400,3,2,0,176537.6822858121
2694,1131,3,1,1,120631.3223074391
2695,1686,3,2,1,211076.30308434044
2696,1585,3,2,1,200145.70143221153
2697,1837,3,2,1,227418.0936731668
2698,1731,3,2,1,215946.37312736813
2699,1398,2,2,0,204232.85966698837
2700,1217,2,2,0,184644.3557161435
2701,1320,3,2,1,171466.40006771486
2702,988,3,1,0,101568.70186786556
2703,1654,4,2,0,176114.89714559112
2704,1211,2,1,0,153614.22946418045
2705,984,3,1,0,101135.80675292977
2706,909,3,1,0,93019.02334788356
2707,925,2,1,0,122662.22874627088
2708,1024,3,1,1,109051.37798290649
2709,912,3,1,0,93343.69468408542
2710,941,3,1,0,96482.18426736996
2711,2646,3,2,0,311384.5105883132
2712,2826,3,2,1,334451.4108410429
2713,1143,1,1,1,177753.25752953475
2714,1223,2,2,1,188880.3184691659
2715,1524,2,2,1,221455.67586808474
2716,1080,2,2,1,173404.31811021114
2717,1694,3,2,1,211942.09331421202
2718,1568,3,2,0,194719.27711311562
2719,1193,2,2,0,182046.9850265287
2720,1334,3,2,0,169394.91288937145
2721,1051,3,1,0,108386.7999281044
2722,1770,4,1,1,161874.69197978868
2723,976,2,1,0,128181.64146170233
2724,898,3,1,0,91828.56178181012
2725,1051,3,1,0,108386.7999281044
2726,1141,3,1,0,118126.94001415985
2727,1565,3,2,0,194394.60577691378
2728,1488,3,1,1,159267.21131545905
2729,1440,4,1,1,126160.84499758534
2730,1248,3,1,0,129706.88433869246
2731,816,2,1,0,110865.83686427039
2732,1043,2,1,0,135432.63463687693
2733,1433,3,1,0,149728.2834044731
2734,1624,2,1,0,198310.65008130157
2735,1216,3,1,0,126243.72341920606
2736,1728,3,1,1,185240.91821160694
2737,936,2,1,0,123852.69031234435
2738,1584,4,2,0,168539.23263421466
2739,1246,3,1,0,129490.43678122455
2740,1008,2,1,0,131644.8023811887
2741,1364,3,1,1,145847.46275244933
2742,1336,3,1,1,142817.19694789872
2743,1370,3,1,0,142910.18534423428
2744,1124,3,1,0,116287.1357756827
2745,1050,3,1,0,108278.57614937045
2746,1008,2,1,0,131644.8023811887
2747,1575,2,1,1,196594.3050039568
2748,1145,3,1,0,118559.83512909563
2749,1005,2,1,0,131320.13104498686
2750,1056,3,1,1,112514.53890239289
2751,884,2,1,0,118225.05381817897
2752,2039,3,1,1,218898.51339786526
2753,1384,2,1,0,172336.9431851537
2754,2640,5,2,1,258498.53811923997
2755,1312,3,1,1,140219.82625828398
2756,713,2,1,0,99718.7876546736
2757,715,2,1,0,99935.2352121415
2758,720,1,1,0,128387.97904445538
2759,1595,3,2,0,197641.31913893225
2760,1760,4,1,1,160792.4541924492
2761,1146,3,1,0,118668.05890782959
2762,1207,3,1,1,128856.32949121927
2763,1773,3,2,0,216905.15175357528
2764,1472,2,2,0,212241.4192933006
2765,2448,3,3,0,320336.9859785505
2766,1521,3,1,1,162838.5960136794
2767,1040,2,2,0,165488.74688023442
2768,1556,4,2,0,165508.9668296641
2769,1150,3,1,0,119100.95402276538
2770,1045,3,1,0,107737.4572557007
2771,864,3,1,0,88148.95330485584
2772,1025,3,1,0,105572.9816810217
2773,2014,5,2,0,187163.83255116883
2774,1668,3,1,0,175160.87140695122
2775,1657,4,1,0,146058.78490223366
2776,1416,3,1,0,147888.47916599596
2777,1428,4,1,0,121275.5395721592
2778,1004,2,1,0,131211.9072662529
2779,1951,4,2,0,208257.35942957413
2780,1032,2,1,0,134242.1730708035
2781,844,2,1,0,113896.10266882097
2782,864,2,1,0,116060.57824349997
2783,1376,2,1,0,171471.1529552821
2784,960,3,1,0,98538.43606331498
2785,1566,5,1,1,111885.41617941888
2786,492,1,1,0,103712.9574931149
2787,1182,3,1,1,126150.73502287052
2788,840,2,1,0,113463.20755388518
2789,2104,5,2,0,196903.97263722427
2790,1248,2,2,0,187999.29285689595
2791,960,3,1,0,98538.43606331498
2792,1020,2,1,0,132943.4877259961
2793,1827,2,1,0,220280.07716429333
2794,1162,3,1,0,120399.63936757277
2795,1324,3,1,0,137931.8915224726
2796,816,2,1,0,110865.83686427039
2797,2486,5,2,0,238245.45611359304
2798,1430,3,2,0,179784.3956478306
2799,1330,3,1,0,138581.23419487628
2800,819,2,1,0,111190.50820047225
2801,984,3,1,0,101135.80675292977
2802,1422,3,1,0,148537.8218383997
2803,1921,4,2,0,205010.64606755567
2804,1640,3,1,0,172130.60560240067
2805,1032,2,1,0,134242.1730708035
2806,879,2,1,0,117683.9349245092
2807,1073,2,2,0,169060.13157845475
2808,1064,3,1,0,109793.70905164572
2809,934,2,1,0,123636.24275487644
2810,1059,3,1,0,109252.59015797598
2811,1458,3,1,1,156020.4979534406
2812,1040,3,1,0,107196.33836203093
2813,1967,6,2,0,154165.69001202908
2814,1949,6,2,0,152217.66199481796
2815,872,2,1,0,116926.36847337158
2816,1830,2,1,0,220604.7485004952
2817,1000,1,1,0,158690.6370899612
2818,810,2,1,0,110216.49419186669
2819,1700,2,2,1,240503.0609252598
2820,1350,3,1,1,144332.32985017402
2821,1150,3,1,0,119100.95402276538
2822,2009,4,2,0,214534.3385961432
2823,3672,5,3,1,400566.2613522351
2824,1560,3,2,0,193853.48688324404
2825,1488,3,1,0,155680.59123484034
2826,1057,3,1,0,109036.1426005081
2827,1609,5,1,1,116539.0386649787
2828,2559,4,2,1,277644.0369804342
2829,1440,2,2,0,208778.25837381423
2830,1876,3,2,1,231638.8210437908
2831,1208,2,2,0,183670.34170753794
2832,1846,3,2,0,224805.48760115358
2833,1590,2,2,1,228598.4452645254
2834,1809,3,2,1,224387.82786861618
2835,1614,3,2,0,199697.5709348773
2836,1596,3,2,1,201336.16299828494
2837,1388,3,2,0,175238.9969410047
2838,1100,3,1,1,117276.38516668665
2839,1499,3,2,1,190838.45646109185
2840,1425,3,2,0,179243.27675416085
2841,1749,3,2,1,217894.40114457926
2842,1779,3,2,1,221141.11450659772
2843,1388,3,1,1,148444.83344206412
2844,1282,3,2,0,163767.2763952061
2845,864,3,1,0,88148.95330485584
2846,1762,3,2,1,219301.31026812058
2847,1755,3,2,1,218543.74381698293
2848,1358,1,1,1,201021.36995733393
2849,1909,4,2,1,207298.58080336702
2850,2214,3,2,1,268218.4582558657
2851,2049,4,2,1,222449.90982611995
2852,1939,3,2,1,238456.91910402963
2853,1995,4,2,1,216605.82577448664
2854,848,1,1,0,142240.62272240093
2855,1390,3,2,0,175455.4444984726
2856,1737,3,2,1,216595.71579977186
2857,1611,3,2,1,202959.51967929423
2858,1336,3,2,0,169611.36044683936
2859,1436,3,2,0,180433.73832023426
2860,1012,4,2,0,106635.23119839557
2861,1176,2,1,0,149826.3972084922
2862,1724,3,2,1,215188.80667623048
2863,914,2,1,0,121471.76718019744
2864,2314,3,2,1,279040.8361292607
2865,1072,2,1,0,138571.12422016147
2866,1709,3,2,0,209978.82991460248
2867,936,3,1,0,95941.06537370021
2868,1338,3,2,0,169827.80800430727
2869,1669,4,1,1,150944.0903276598
2870,1482,3,2,0,185412.03214199594
2871,1414,3,1,0,147672.03160852805
2872,498,1,1,0,104362.3001655186
2873,1273,3,1,0,132412.4788070412
2874,1551,3,2,0,192879.47287463848
2875,1340,3,1,0,139663.47198221582
2876,1479,3,1,0,154706.57722623477
2877,1510,3,1,0,158061.51436698722
2878,1636,4,1,1,147372.70562943944
2879,1465,3,2,0,183572.2279035188
2880,1288,4,1,0,106124.2105494063
2881,1550,3,1,1,165977.08559696394
2882,1717,2,1,1,211962.08158417762
2883,1671,4,2,0,177954.70138406826
2884,1609,3,1,1,172362.28854226694
2885,1801,3,1,1,193141.25405918524
2886,2315,4,2,0,247650.81488873178
2887,976,2,1,0,128181.64146170233
2888,1285,3,1,0,133711.16415184858
2889,672,2,1,0,95281.61272658166
2890,641,2,1,0,91926.67558582925
2891,1638,4,2,0,174383.31668584797
2892,729,2,1,0,101450.36811441678
2893,1396,4,2,0,148193.1622322322
2894,936,2,1,0,123852.69031234435
2895,1778,2,2,0,245357.89558588917
2896,1646,2,2,0,231072.3567930078
2897,1625,3,2,0,200888.0325009507
2898,1664,4,2,0,177197.13493293067
2899,1491,3,2,0,186386.0461506015
2900,1210,3,2,0,155975.16432636173
2901,1650,2,1,0,201124.46832838428
2902,1403,2,2,0,204773.9785606581
2903,1960,3,2,0,237142.99837682382
2904,1838,3,2,0,223939.69737128195
2905,1600,3,1,1,171388.27453366143
2906,1368,2,2,0,200986.14630496985
2907,1304,3,1,1,139354.03602841235
2908,874,3,1,0,89231.19109219532
2909,1652,4,2,0,175898.44958812327
2910,630,1,1,0,118647.83895839994
2911,1092,3,1,1,116410.59493681505
2912,1360,3,1,0,141827.9475568948
2913,1092,3,1,1,116410.59493681505
2914,1092,3,1,1,116410.59493681505
2915,1092,3,1,1,116410.59493681505
2916,1092,3,1,1,116410.59493681505
2917,1224,4,1,0,99197.88871043353
2918,970,3,1,0,99620.6738506545
2919,2000,3,2,1,245058.56960680053
